{
    "1000737066822410311": {
        "balance": 199999981901,
        "debt": 0
    },
    "453215843258597389": {
        "balance": 7152,
        "debt": 0
    },
    "1232252671138857001": {
        "balance": 1552,
        "debt": 0
    },
    "1244261449329807478": {
        "balance": 13077,
        "debt": 0
    },
    "1042100948861993081": {
        "balance": 2931,
        "debt": 0
    },
    "759964298465247254": {
        "balance": 1340,
        "debt": 0
    },
    "1264970850277396503": {
        "balance": 6,
        "debt": 0
    },
    "1197143497074036808": {
        "balance": 81,
        "debt": 0
    },
    "1380572434478141512": {
        "balance": 2,
        "debt": 0
    },
    "1262817859306913935": {
        "balance": 4,
        "debt": 0
    },
    "761786591412092999": {
        "balance": 2,
        "debt": 0
    },
    "1028262627652141066": {
        "balance": 8,
        "debt": 0
    },
    "1263185923366060144": {
        "balance": 10,
        "debt": 0
    },
    "1238111738646368276": {
        "balance": 2,
        "debt": 0
    },
    "1037356716393766982": {
        "balance": 96,
        "debt": 0
    },
    "581870007986683919": {
        "balance": 875,
        "debt": 0
    },
    "1022665266515169331": {
        "balance": 8,
        "debt": 0
    },
    "1382001133970653246": {
        "balance": 14,
        "debt": 0
    },
    "902523090314096640": {
        "balance": 153,
        "debt": 0
    },
    "405359311582265344": {
        "balance": 2,
        "debt": 0
    },
    "1143582899510202480": {
        "balance": 944,
        "debt": 0
    },
    "1247167268857712682": {
        "balance": 2070,
        "debt": 0
    },
    "1307737338570346607": {
        "balance": 0,
        "debt": 0
    },
    "771662040502763531": {
        "balance": 140,
        "debt": 0
    },
    "1237754401813172296": {
        "balance": 2,
        "debt": 0
    },
    "856855032727994378": {
        "balance": 1,
        "debt": 0
    },
    "749241542719438919": {
        "balance": 1,
        "debt": 0
    }
}