{
  "badges": [
    {
      "name": "Master Badge",
      "price": 1500,
      "description": "Lencana elit untuk pengguna legendaris.",
      "emoji": "🏅"
    }
  ],
  "exp": [
    {
      "name": "EXP Boost x2",
      "price": 1000,
      "description": "ngeboost EXP mu x2 dalam pesan dan voice.",
      "exp": 20,
      "emoji": "⚡"
    }
  ],
  "roles": [
    {
      "name": "VIP Role",
      "price": 1000,
      "description": "Akses eksklusif ke channel VIP.",
      "emoji": "👑",
      "role_id": 123456789012345678
    }
  ]
}
