{
    "765138959625486357": {
        "581870007986683919": {
            "exp": 280,
            "weekly_exp": 180,
            "level": 0,
            "badges": [],
            "last_active": "2025-06-13T12:20:48.852358",
            "booster": {},
            "last_completed_quest": "2025-06-13T12:18:16.934218"
        },
        "1000737066822410311": {
            "exp": 40,
            "weekly_exp": 40,
            "level": 0,
            "badges": [],
            "last_active": "2025-06-13T12:13:34.813902",
            "booster": {}
        },
        "771662040502763531": {
            "exp": 280,
            "weekly_exp": 180,
            "level": 0,
            "badges": [],
            "last_active": "2025-06-13T12:20:49.448601",
            "booster": {},
            "last_completed_quest": "2025-06-13T12:19:51.801140"
        },
        "1042100948861993081": {
            "exp": 55,
            "level": 0,
            "weekly_exp": 55,
            "badges": []
        }
    },
    "1039509114008649778": {
        "1042100948861993081": {
            "exp": 20,
            "weekly_exp": 20,
            "level": 0,
            "badges": [],
            "last_active": "2025-06-13T12:20:27.088218",
            "booster": {}
        },
        "1000737066822410311": {
            "exp": 0,
            "level": 0,
            "weekly_exp": 0,
            "badges": []
        }
    }
}